Model Name,Threshold,Precision,Recall,F1 Score,ROC AUC,Jaccard Score,True Positives (TP),False Positives (FP),True Negatives (TN),False Negatives (FN),Total Savings ($),Cost of Operation ($),Net Savings ($)
Base XGBoost (10 Features),0.02,0.20312979441546486,0.9258741258741259,0.3331655762455964,0.99440678691077,0.1998792270531401,1986,7791,545783,159,198600,93810,104790
Base XGBoost (10 Features),0.1,0.4473216552424473,0.8214452214452215,0.57922419460881,0.99440678691077,0.4076816288755206,1762,2177,551397,383,176200,60070,116130
Base XGBoost (10 Features),0.2,0.6150358896864375,0.7589743589743589,0.679465776293823,0.99440678691077,0.5145385587863464,1628,1019,552555,517,162800,61890,100910
Base XGBoost (10 Features),0.30000000000000004,0.6883230904302019,0.731002331002331,0.709021026452634,0.99440678691077,0.5492119089316988,1568,710,552864,577,156800,64800,92000
Base XGBoost (10 Features),0.4,0.7359223300970874,0.7067599067599067,0.7210463733650416,0.99440678691077,0.56377835626627,1516,544,553030,629,151600,68340,83260
Base XGBoost (10 Features),0.5,0.7502532928064843,0.6904428904428904,0.7191065792668123,0.99440678691077,0.5614101592115239,1481,493,553081,664,148100,71330,76770
Base XGBoost (10 Features),0.6,0.8362014021669854,0.6116550116550117,0.7065158858373721,0.99440678691077,0.5462114904246461,1312,257,553317,833,131200,85870,45330
Base XGBoost (10 Features),0.7000000000000001,0.8677685950413223,0.5874125874125874,0.700583819849875,0.99440678691077,0.5391527599486521,1260,192,553382,885,126000,90420,35580
Base XGBoost (10 Features),0.8,0.9283842794759826,0.4955710955710956,0.6462006079027356,0.99440678691077,0.4773237539290525,1063,82,553492,1082,106300,109020,-2720
Base XGBoost (10 Features),0.9,0.953340402969247,0.4191142191142191,0.5822538860103627,0.99440678691077,0.41068981269986293,899,44,553530,1246,89900,125040,-35140
Base XGBoost (10 Features),0.95,0.988795518207283,0.32913752913752914,0.4938789786638685,0.99440678691077,0.327914537854157,706,8,553566,1439,70600,143980,-73380
Base XGBoost (10 Features),0.98,0.9940209267563528,0.31002331002331,0.472636815920398,0.99440678691077,0.30944625407166126,665,4,553570,1480,66500,148040,-81540
Base XGBoost (10 Features),0.99,1.0,0.22144522144522144,0.36259541984732824,0.99440678691077,0.22144522144522144,475,0,553574,1670,47500,167000,-119500
Tuned XGBoost ADASYN (10 Features),0.02,0.04180153702563695,0.9813519813519813,0.08018742143156452,0.9916411606568658,0.04176835922773181,2105,48252,505322,40,210500,486520,-276020
Tuned XGBoost ADASYN (10 Features),0.1,0.06187702654017053,0.9608391608391609,0.11626660649310354,0.9916411606568658,0.06172137038811691,2061,31247,522327,84,206100,320870,-114770
Tuned XGBoost ADASYN (10 Features),0.2,0.07668514956055977,0.9477855477855478,0.14189000558347292,0.9916411606568658,0.07636254366525184,2033,24478,529096,112,203300,255980,-52680
Tuned XGBoost ADASYN (10 Features),0.30000000000000004,0.09071634788884879,0.9375291375291376,0.1654259038374532,0.9916411606568658,0.09017128508653932,2011,20157,533417,134,201100,214970,-13870
Tuned XGBoost ADASYN (10 Features),0.4,0.10157207023274806,0.9277389277389277,0.18309794359847265,0.9916411606568658,0.10077480123563073,1990,17602,535972,155,199000,191520,7480
Tuned XGBoost ADASYN (10 Features),0.5,0.1149169978957213,0.9165501165501165,0.20422791253311173,0.9916411606568658,0.1137270781512119,1966,15142,538432,179,196600,169320,27280
Tuned XGBoost ADASYN (10 Features),0.6,0.12822368421052632,0.9086247086247087,0.22473335255116747,0.9916411606568658,0.12659132242140816,1949,13251,540323,196,194900,152110,42790
Tuned XGBoost ADASYN (10 Features),0.7000000000000001,0.15643645279934615,0.8923076923076924,0.26620305980528514,0.9916411606568658,0.15353762233274507,1914,10321,543253,231,191400,126310,65090
Tuned XGBoost ADASYN (10 Features),0.8,0.19947033898305086,0.8778554778554779,0.32507552870090634,0.9916411606568658,0.19408369408369408,1883,7557,546017,262,188300,101770,86530
Tuned XGBoost ADASYN (10 Features),0.9,0.2747370025918585,0.84009324009324,0.4140625,0.9916411606568658,0.26108374384236455,1802,4757,548817,343,180200,81870,98330
Tuned XGBoost ADASYN (10 Features),0.95,0.37569801206164843,0.7841491841491841,0.5080036242826941,0.9916411606568658,0.34048582995951415,1682,2795,550779,463,168200,74250,93950
Tuned XGBoost ADASYN (10 Features),0.98,0.7482993197278912,0.6666666666666666,0.7051282051282052,0.9916411606568658,0.5445544554455446,1430,481,553093,715,143000,76310,66690
Tuned XGBoost ADASYN (10 Features),0.99,0.8459495351925631,0.593939393939394,0.6978909887702,0.9916411606568658,0.5359697097181321,1274,232,553342,871,127400,89420,37980
Base Stacking Classifiers (10 Features),0.02,0.15620608899297425,0.9328671328671329,0.26760280842527584,0.9924467602232454,0.15446966188050024,2001,10809,542765,144,200100,122490,77610
Base Stacking Classifiers (10 Features),0.1,0.2499023818820773,0.8951048951048951,0.3907203907203907,0.9924467602232454,0.24279210925644917,1920,5763,547811,225,192000,80130,111870
Base Stacking Classifiers (10 Features),0.2,0.2920057443752992,0.8531468531468531,0.43509272467902993,0.9924467602232454,0.2780309936189608,1830,4437,549137,315,183000,75870,107130
Base Stacking Classifiers (10 Features),0.30000000000000004,0.37502663541444703,0.8205128205128205,0.5147704007019597,0.9924467602232454,0.34659314690823156,1760,2933,550641,385,176000,67830,108170
Base Stacking Classifiers (10 Features),0.4,0.6717590571802706,0.7174825174825175,0.693868349864743,0.9924467602232454,0.5312392129789437,1539,752,552822,606,153900,68120,85780
Tuned Stacking Classifiers ADASYN (10 Features),0.02,0.053071500503524674,0.9827505827505828,0.10070464588558461,0.99362264822673,0.053022109314083056,2108,37612,515962,37,210800,379820,-169020
Tuned Stacking Classifiers ADASYN (10 Features),0.1,0.0770466689085678,0.9613053613053613,0.14265947142659471,0.99362264822673,0.07680846308574835,2062,24701,528873,83,206200,255310,-49110
Tuned Stacking Classifiers ADASYN (10 Features),0.2,0.08709869203329369,0.9561771561771562,0.15965438057058343,0.99362264822673,0.08675238981473649,2051,21497,532077,94,205100,224370,-19270
Tuned Stacking Classifiers ADASYN (10 Features),0.30000000000000004,0.09341010876519514,0.9529137529137529,0.17014192366920547,0.99362264822673,0.09298093981713142,2044,19838,533736,101,204400,208480,-4080
Tuned Stacking Classifiers ADASYN (10 Features),0.4,0.10545699761386036,0.9477855477855478,0.1897960136302105,0.99362264822673,0.10484785972150593,2033,17245,536329,112,203300,183650,19650
Tuned Stacking Classifiers ADASYN (10 Features),0.5,0.11179300049759495,0.9426573426573427,0.19988137603795966,0.99362264822673,0.11103789126853378,2022,16065,537509,123,202200,172950,29250
Tuned Stacking Classifiers ADASYN (10 Features),0.6,0.12316931184508854,0.9370629370629371,0.2177209705372617,0.99362264822673,0.12215874559377658,2010,14309,539265,135,201000,156590,44410
Tuned Stacking Classifiers ADASYN (10 Features),0.7000000000000001,0.13525917926565875,0.9342657342657342,0.2363068215317493,0.99362264822673,0.13398408771812528,2004,12812,540762,141,200400,142220,58180
Tuned Stacking Classifiers ADASYN (10 Features),0.8,0.15226715686274508,0.9268065268065268,0.2615617393592527,0.99362264822673,0.15045788238855673,1988,11068,542506,157,198800,126380,72420
Tuned Stacking Classifiers ADASYN (10 Features),0.9,0.18875229890620462,0.9090909090909091,0.31260019236934916,0.99362264822673,0.18525555766673,1950,8381,545193,195,195000,103310,91690
Tuned Stacking Classifiers ADASYN (10 Features),0.95,0.2338375213466699,0.8937062937062937,0.37068548776950594,0.99362264822673,0.22751008782340376,1917,6281,547293,228,191700,85610,106090
Tuned Stacking Classifiers ADASYN (10 Features),0.98,0.3185668902223791,0.8414918414918415,0.4621687363973883,0.99362264822673,0.3005328005328005,1805,3861,549713,340,180500,72610,107890
Tuned Stacking Classifiers ADASYN (10 Features),0.99,0.8875530410183875,0.585081585081585,0.705254284911492,0.99362264822673,0.5447048611111112,1255,159,553415,890,125500,90590,34910
Base XGBoost Model (20 Features),0.02,0.3518550474547023,0.9505827505827505,0.5136020151133501,0.9979980954109073,0.3455346551431961,2039,3756,549818,106,203900,48160,155740
Base XGBoost Model (20 Features),0.1,0.6438038436050364,0.9058275058275058,0.7526631803215185,0.9979980954109073,0.603416149068323,1943,1075,552499,202,194300,30950,163350
Base XGBoost Model (20 Features),0.2,0.7483922829581994,0.8680652680652681,0.8037988344485215,0.9979980954109073,0.6719595813785637,1862,626,552948,283,186200,34560,151640
Base XGBoost Model (20 Features),0.30000000000000004,0.8097582811101164,0.8433566433566434,0.826216031057319,0.9979980954109073,0.7038910505836576,1809,425,553149,336,180900,37850,143050
Base XGBoost Model (20 Features),0.4,0.8603158933859822,0.8125874125874126,0.8357707983696955,0.9979980954109073,0.7178747940691927,1743,283,553291,402,174300,43030,131270
Base XGBoost Model (20 Features),0.5,0.8965336134453782,0.7958041958041958,0.8431711533712027,0.9979980954109073,0.728864218616567,1707,197,553377,438,170700,45770,124930
Base XGBoost Model (20 Features),0.6,0.9166666666666666,0.7794871794871795,0.8425296044343663,0.9979980954109073,0.7279059643012625,1672,152,553422,473,167200,48820,118380
Base XGBoost Model (20 Features),0.7000000000000001,0.9310344827586207,0.7552447552447552,0.833976833976834,0.9979980954109073,0.7152317880794702,1620,120,553454,525,162000,53700,108300
Base XGBoost Model (20 Features),0.8,0.9548780487804878,0.73006993006993,0.8274768824306473,0.9979980954109073,0.7057232987832357,1566,74,553500,579,156600,58640,97960
Base XGBoost Model (20 Features),0.9,0.9747340425531915,0.6834498834498834,0.8035078103590024,0.9979980954109073,0.6715529088410445,1466,38,553536,679,146600,68280,78320
Base XGBoost Model (20 Features),0.95,0.9897285399853265,0.6289044289044289,0.7690992018244014,0.9979980954109073,0.6248263084761464,1349,14,553560,796,134900,79740,55160
Base XGBoost Model (20 Features),0.98,0.9951219512195122,0.5706293706293706,0.7253333333333334,0.9979980954109073,0.5690376569037657,1224,6,553568,921,122400,92160,30240
Base XGBoost Model (20 Features),0.99,0.9991273996509599,0.5337995337995338,0.6958371315709511,0.9979980954109073,0.5335507921714818,1145,1,553573,1000,114500,100010,14490
Tuned XGBoost ADASYN (20 Features),0.02,0.019996077369222293,0.9981351981351981,0.039206709639613244,0.9959701477214945,0.01999533037590474,2141,104930,448644,4,214100,1049700,-835600
Tuned XGBoost ADASYN (20 Features),0.1,0.038793338297524564,0.9958041958041958,0.0746774813830717,0.9959701477214945,0.03878699836571636,2136,52925,500649,9,213600,530150,-316550
Tuned XGBoost ADASYN (20 Features),0.2,0.053521552049520645,0.9916083916083916,0.10156138089098983,0.9959701477214945,0.053497321361201236,2127,37614,515960,18,212700,377940,-165240
Tuned XGBoost ADASYN (20 Features),0.30000000000000004,0.06746550240606775,0.9869463869463869,0.12629757785467127,0.9959701477214945,0.06740535549399815,2117,29262,524312,28,211700,295420,-83720
Tuned XGBoost ADASYN (20 Features),0.4,0.08182734817342745,0.9836829836829837,0.15108660627976084,0.9959701477214945,0.08171643236125634,2110,23676,529898,35,211000,240260,-29260
Tuned XGBoost ADASYN (20 Features),0.5,0.0962171052631579,0.9818181818181818,0.17525901884908252,0.9959701477214945,0.09604597072102887,2106,19782,533792,39,210600,201720,8880
Tuned XGBoost ADASYN (20 Features),0.6,0.11275852806876176,0.9785547785547786,0.20221579961464353,0.9959701477214945,0.11248057446010395,2099,16516,537058,46,209900,169760,40140
Tuned XGBoost ADASYN (20 Features),0.7000000000000001,0.13338872555285697,0.972960372960373,0.23461300657635883,0.9959701477214945,0.1328960774325013,2087,13559,540015,58,208700,141390,67310
Tuned XGBoost ADASYN (20 Features),0.8,0.16215792362581352,0.9641025641025641,0.277621157202309,0.9959701477214945,0.16118472330475447,2068,10685,542889,77,206800,114550,92250
Tuned XGBoost ADASYN (20 Features),0.9,0.21393296206787854,0.9491841491841492,0.34916823872406105,0.9959701477214945,0.21151049241637232,2036,7481,546093,109,203600,85710,117890
Tuned XGBoost ADASYN (20 Features),0.95,0.2695417789757412,0.9324009324009324,0.4181913225300575,0.9959701477214945,0.26437541308658297,2000,5420,548154,145,200000,68700,131300
Tuned XGBoost ADASYN (20 Features),0.98,0.3479349186483104,0.9072261072261072,0.5029723442750065,0.9959701477214945,0.33598066298342544,1946,3647,549927,199,194600,56370,138230
Tuned XGBoost ADASYN (20 Features),0.99,0.42332517249054086,0.8867132867132868,0.5730641759566134,0.9959701477214945,0.4016047297297297,1902,2591,550983,243,190200,50210,139990
Base Stacking Classifiers (20 Features),0.02,0.35144927536231885,0.9496503496503497,0.5130336229693994,0.9975789677390546,0.34502032520325204,2037,3759,549815,108,203700,48390,155310
Base Stacking Classifiers (20 Features),0.1,0.4430046123435098,0.9403263403263403,0.6022693341295909,0.9975789677390546,0.4308908352916044,2017,2536,551038,128,201700,38160,163540
Base Stacking Classifiers (20 Features),0.2,0.49825523429710866,0.931934731934732,0.6493422121162904,0.9975789677390546,0.4807599807599808,1999,2013,551561,146,199900,34730,165170
Base Stacking Classifiers (20 Features),0.30000000000000004,0.5470702582615941,0.9184149184149184,0.685694396101636,0.9975789677390546,0.5217161016949152,1970,1631,551943,175,197000,33810,163190
Base Stacking Classifiers (20 Features),0.4,0.5999384046812443,0.9081585081585082,0.7225519287833828,0.9975789677390546,0.5656213704994193,1948,1299,552275,197,194800,32690,162110
Base Stacking Classifiers (20 Features),0.5,0.6612230715774844,0.8871794871794871,0.7577145132391001,0.9975789677390546,0.6099358974358975,1903,975,552599,242,190300,33950,156350
Base Stacking Classifiers (20 Features),0.6,0.7220459952418715,0.848951048951049,0.7803728305121063,0.9975789677390546,0.6398453970484891,1821,701,552873,324,182100,39410,142690
Base Stacking Classifiers (20 Features),0.7000000000000001,0.8413555992141454,0.7986013986013986,0.819421191102607,0.9975789677390546,0.6940842787682334,1713,323,553251,432,171300,46430,124870
Tuned Stacking Classifiers ADASYN (20 Features),0.02,0.2872400224845419,0.9529137529137529,0.4414210128495843,0.9976910173275971,0.2832201745877789,2044,5072,548502,101,204400,60820,143580
Tuned Stacking Classifiers ADASYN (20 Features),0.1,0.3953764078245406,0.9328671328671329,0.5553705245628643,0.9976910173275971,0.38443804034582135,2001,3060,550514,144,200100,45000,155100
Tuned Stacking Classifiers ADASYN (20 Features),0.2,0.4454443194600675,0.9230769230769231,0.6009104704097117,0.9976910173275971,0.42950108459869846,1980,2465,551109,165,198000,41150,156850
Tuned Stacking Classifiers ADASYN (20 Features),0.30000000000000004,0.4805860805860806,0.9174825174825175,0.6307692307692307,0.9976910173275971,0.4606741573033708,1968,2127,551447,177,196800,38970,157830
Tuned Stacking Classifiers ADASYN (20 Features),0.4,0.5065874451046242,0.9142191142191142,0.6519281914893617,0.9976910173275971,0.48360049321824905,1961,1910,551664,184,196100,37500,158600
Tuned Stacking Classifiers ADASYN (20 Features),0.5,0.5305955942344303,0.9095571095571096,0.6702164204740639,0.9976910173275971,0.5040041332988892,1951,1726,551848,194,195100,36660,158440
Tuned Stacking Classifiers ADASYN (20 Features),0.6,0.5543135568930926,0.9016317016317016,0.6865459708910188,0.9976910173275971,0.5227027027027027,1934,1555,552019,211,193400,36650,156750
Tuned Stacking Classifiers ADASYN (20 Features),0.7000000000000001,0.5772699939867709,0.8951048951048951,0.7018826539937855,0.9976910173275971,0.5406927626020839,1920,1406,552168,225,192000,36560,155440
Tuned Stacking Classifiers ADASYN (20 Features),0.8,0.6077682266794014,0.88997668997669,0.7222852818766553,0.9976910173275971,0.565294640213207,1909,1232,552342,236,190900,35920,154980
Tuned Stacking Classifiers ADASYN (20 Features),0.9,0.6476683937823834,0.8741258741258742,0.7440476190476191,0.9976910173275971,0.5924170616113744,1875,1020,552554,270,187500,37200,150300
Tuned Stacking Classifiers ADASYN (20 Features),0.95,0.6931775348661893,0.8573426573426574,0.7665694039182993,0.9976910173275971,0.6214937478878,1839,814,552760,306,183900,38740,145160
Tuned Stacking Classifiers ADASYN (20 Features),0.98,0.7457556935817805,0.8396270396270397,0.7899122807017543,0.9976910173275971,0.6527727437477346,1801,614,552960,344,180100,40540,139560
Tuned Stacking Classifiers ADASYN (20 Features),0.99,0.7820627802690583,0.813053613053613,0.7972571428571429,0.9976910173275971,0.6628658304827062,1744,486,553088,401,174400,44960,129440
Base XGBoost (50 Features),0.02,0.41372226787181593,0.938927738927739,0.5743618993298161,0.9974852790246937,0.40288057611522304,2014,2854,550720,131,201400,41640,159760
Base XGBoost (50 Features),0.1,0.7,0.8680652680652681,0.7750260145681581,0.9974852790246937,0.6326877336051648,1862,798,552776,283,186200,36280,149920
Base XGBoost (50 Features),0.2,0.8080397470641373,0.8340326340326341,0.8208304657031429,0.9974852790246937,0.6961089494163424,1789,425,553149,356,178900,39850,139050
Base XGBoost (50 Features),0.30000000000000004,0.8660358565737052,0.8107226107226108,0.8374668914038045,0.9974852790246937,0.7203811101905551,1739,269,553305,406,173900,43290,130610
Base XGBoost (50 Features),0.4,0.9033297529538131,0.7841491841491841,0.8395308210631395,0.9974852790246937,0.7234408602150537,1682,180,553394,463,168200,48100,120100
Base XGBoost (50 Features),0.5,0.9258426966292135,0.7682983682983683,0.8397452229299363,0.9974852790246937,0.7237593324549846,1648,132,553442,497,164800,51020,113780
Base XGBoost (50 Features),0.6,0.9471210340775558,0.7515151515151515,0.8380556277618924,0.9974852790246937,0.7212527964205817,1612,90,553484,533,161200,54200,107000
Base XGBoost (50 Features),0.7000000000000001,0.9597523219814241,0.7226107226107226,0.824468085106383,0.9974852790246937,0.7013574660633484,1550,65,553509,595,155000,60150,94850
Base XGBoost (50 Features),0.8,0.977646285338593,0.6932400932400933,0.8112384069830878,0.9974852790246937,0.68242312987609,1487,34,553540,658,148700,66140,82560
Base XGBoost (50 Features),0.9,0.9914651493598862,0.6498834498834499,0.7851309490284427,0.9974852790246937,0.6462679647658786,1394,12,553562,751,139400,75220,64180
Base XGBoost (50 Features),0.95,0.996206373292868,0.6121212121212121,0.7583020502454519,0.9974852790246937,0.6106976744186047,1313,5,553569,832,131300,83250,48050
Base XGBoost (50 Features),0.98,0.9965899403239556,0.544988344988345,0.7046413502109705,0.9974852790246937,0.5439739413680782,1169,4,553570,976,116900,97640,19260
Base XGBoost (50 Features),0.99,0.9990281827016521,0.47925407925407926,0.647763074984247,0.9974852790246937,0.4790307548928239,1028,1,553573,1117,102800,111710,-8910
Tuned XGBoost ADASYN (50 Features),0.02,0.5942028985507246,0.8983682983682983,0.7152932442464737,0.9973076854440502,0.5567754984108639,1927,1316,552258,218,192700,34960,157740
Tuned XGBoost ADASYN (50 Features),0.1,0.7437650844730491,0.862004662004662,0.7985316346361477,0.9973076854440502,0.6646297627606039,1849,637,552937,296,184900,35970,148930
Tuned XGBoost ADASYN (50 Features),0.2,0.8022947925860547,0.8475524475524475,0.8243028791657221,0.9973076854440502,0.7011183956806788,1818,448,553126,327,181800,37180,144620
Tuned XGBoost ADASYN (50 Features),0.30000000000000004,0.8262672811059908,0.8358974358974359,0.8310544611819235,0.9973076854440502,0.710943695479778,1793,377,553197,352,179300,38970,140330
Tuned XGBoost ADASYN (50 Features),0.4,0.8501675442795597,0.827972027972028,0.838923004251299,0.9973076854440502,0.7225386493083807,1776,313,553261,369,177600,40030,137570
Tuned XGBoost ADASYN (50 Features),0.5,0.866436668309512,0.8195804195804196,0.8423574508864399,0.9973076854440502,0.7276490066225165,1758,271,553303,387,175800,41410,134390
Tuned XGBoost ADASYN (50 Features),0.6,0.8818181818181818,0.813986013986014,0.8465454545454546,0.9973076854440502,0.733921815889029,1746,234,553340,399,174600,42240,132360
Tuned XGBoost ADASYN (50 Features),0.7000000000000001,0.8968377397615345,0.8065268065268065,0.8492881688757977,0.9973076854440502,0.7380546075085325,1730,199,553375,415,173000,43490,129510
Tuned XGBoost ADASYN (50 Features),0.8,0.911811865312667,0.7953379953379953,0.849601593625498,0.9973076854440502,0.7385281385281385,1706,165,553409,439,170600,45550,125050
Tuned XGBoost ADASYN (50 Features),0.9,0.9337047353760446,0.7813519813519814,0.8507614213197969,0.9973076854440502,0.7402826855123675,1676,119,553455,469,167600,48090,119510
Tuned XGBoost ADASYN (50 Features),0.95,0.9468208092485549,0.7636363636363637,0.8454193548387097,0.9973076854440502,0.7322306660706303,1638,92,553482,507,163800,51620,112180
Tuned XGBoost ADASYN (50 Features),0.98,0.9595654797827399,0.7412587412587412,0.8364018937401367,0.9973076854440502,0.7188065099457505,1590,67,553507,555,159000,56170,102830
Tuned XGBoost ADASYN (50 Features),0.99,0.9699248120300752,0.7216783216783217,0.8275862068965517,0.9973076854440502,0.7058823529411765,1548,48,553526,597,154800,60180,94620
Base Stacking Classifiers (50 Features),0.02,0.4285099978499248,0.9291375291375291,0.5865214832254267,0.9966746677363506,0.4149489902144493,1993,2658,550916,152,199300,41780,157520
Base Stacking Classifiers (50 Features),0.1,0.5367060764366236,0.91002331002331,0.6751988931165687,0.9966746677363506,0.5096605744125327,1952,1685,551889,193,195200,36150,159050
Base Stacking Classifiers (50 Features),0.2,0.5972006220839814,0.8951048951048951,0.7164179104477612,0.9966746677363506,0.5581395348837209,1920,1295,552279,225,192000,35450,156550
Base Stacking Classifiers (50 Features),0.30000000000000004,0.6480408858603066,0.8867132867132868,0.7488188976377953,0.9966746677363506,0.5984896161107615,1902,1033,552541,243,190200,34630,155570
Base Stacking Classifiers (50 Features),0.4,0.6906342182890856,0.8731934731934732,0.7712579781758288,0.9966746677363506,0.6276809651474531,1873,839,552735,272,187300,35590,151710
Base Stacking Classifiers (50 Features),0.5,0.7334661354581673,0.8582750582750582,0.7909774436090226,0.9966746677363506,0.654228855721393,1841,669,552905,304,184100,37090,147010
Base Stacking Classifiers (50 Features),0.6,0.7712305025996534,0.8298368298368298,0.7994610375028071,0.9966746677363506,0.6659184436962214,1780,528,553046,365,178000,41780,136220
Base Stacking Classifiers (50 Features),0.7000000000000001,0.8218720152817574,0.8023310023310023,0.8119839584807738,0.9966746677363506,0.6834789515488483,1721,373,553201,424,172100,46130,125970
Base Stacking Classifiers (50 Features),0.8,0.9095534200113058,0.7501165501165501,0.8221768012263669,0.9966746677363506,0.6980477223427332,1609,160,553414,536,160900,55200,105700
Tuned Stacking Classifiers ADASYN (50 Features),0.02,0.20044031779458218,0.9762237762237762,0.33259212198221094,0.9975966700404626,0.19946656506001142,2094,8353,545221,51,209400,88630,120770
Tuned Stacking Classifiers ADASYN (50 Features),0.1,0.33041504539559013,0.9501165501165502,0.490316371947552,0.9975966700404626,0.32478087649402393,2038,4130,549444,107,203800,52000,151800
Tuned Stacking Classifiers ADASYN (50 Features),0.2,0.395453654712914,0.9407925407925408,0.5568432671081678,0.9975966700404626,0.3858508604206501,2018,3085,550489,127,201800,43550,158250
Tuned Stacking Classifiers ADASYN (50 Features),0.30000000000000004,0.43695462478184993,0.9337995337995338,0.5953336305543171,0.9975966700404626,0.4238256453660601,2003,2581,550993,142,200300,40010,160290
Tuned Stacking Classifiers ADASYN (50 Features),0.4,0.46768507638072854,0.9277389277389277,0.621875,0.9975966700404626,0.4512471655328798,1990,2265,551309,155,199000,38150,160850
Tuned Stacking Classifiers ADASYN (50 Features),0.5,0.4972389558232932,0.9235431235431235,0.6464349812367434,0.9975966700404626,0.47757955641272903,1981,2003,551571,164,198100,36430,161670
Tuned Stacking Classifiers ADASYN (50 Features),0.6,0.5310307609282245,0.9174825174825175,0.6727055204238591,0.9975966700404626,0.5068246201390677,1968,1738,551836,177,196800,35080,161720
Tuned Stacking Classifiers ADASYN (50 Features),0.7000000000000001,0.5609195402298851,0.91002331002331,0.6940444444444445,0.9975966700404626,0.5314456847263817,1952,1528,552046,193,195200,34580,160620
Tuned Stacking Classifiers ADASYN (50 Features),0.8,0.5994415141172821,0.9006993006993007,0.7198211624441133,0.9975966700404626,0.5622817229336438,1932,1291,552283,213,193200,34210,158990
Tuned Stacking Classifiers ADASYN (50 Features),0.9,0.6594202898550725,0.8909090909090909,0.7578822129684711,0.9975966700404626,0.6101532567049809,1911,987,552587,234,191100,33270,157830
Tuned Stacking Classifiers ADASYN (50 Features),0.95,0.7108433734939759,0.8801864801864802,0.7865028119141846,0.9975966700404626,0.6481290765533814,1888,768,552806,257,188800,33380,155420
Tuned Stacking Classifiers ADASYN (50 Features),0.98,0.7654166666666666,0.8564102564102564,0.8083608360836083,0.9975966700404626,0.6783604135893648,1837,563,553011,308,183700,36430,147270
Tuned Stacking Classifiers ADASYN (50 Features),0.99,0.8105310531053105,0.8396270396270397,0.8248225326310968,0.9975966700404626,0.7018706157443492,1801,421,553153,344,180100,38610,141490
